{
  "project_info": {
    "project_number": "556844702264",
    "project_id": "meetupapp-ceed7",
    "storage_bucket": "meetupapp-ceed7.appspot.com"
  },
  "client": [
    {
      "client_info": {
        "mobilesdk_app_id": "1:556844702264:android:833f225934a17916f1e4cd",
        "android_client_info": {
          "package_name": "com.example.meetupapp"
        }
      },
      "oauth_client": [
        {
          "client_id": "556844702264-hgqa90lhe3jbrsged2pfulitn7mapmjr.apps.googleusercontent.com",
          "client_type": 3
        }
      ],
      "api_key": [
        {
          "current_key": "AIzaSyBi2nf2LbkNtpM0oCpbt2WfU_mgOKBAWzw"
        }
      ],
      "services": {
        "appinvite_service": {
          "other_platform_oauth_client": [
            {
              "client_id": "556844702264-hgqa90lhe3jbrsged2pfulitn7mapmjr.apps.googleusercontent.com",
              "client_type": 3
            }
          ]
        }
      }
    }
  ],
  "configuration_version": "1"
}